state,regime,x,y,z
s0,TRANSITION,1.0,1.0,1.0
s20,ESCAPE,16.700558375667814,27.183834547115204,26.264060022399846
